,id_cliente,data_cadastro,tempo_uso,qtde_pedidos,valor_medio,uso_cupom,usou_app_ultimo_mes,cancelou,categoria_tempo_uso
0,1,2024-10-25,235,5,127.38,0,usou,0,antigo
1,2,2023-09-11,645,3,103.02,0,usou,0,antigo
2,3,2023-07-06,712,4,61.12,0,usou,0,antigo
3,4,2025-01-12,156,3,97.93,1,usou,0,intermediário
4,5,2024-01-16,518,3,63.99,1,não usou,0,antigo
5,6,2023-12-24,541,8,79.83,1,não usou,0,antigo
6,7,2023-12-07,558,2,103.21,0,não usou,0,antigo
7,8,2023-10-03,623,4,63.86,0,não usou,0,antigo
8,9,2025-01-09,159,5,89.94,0,não usou,0,intermediário
9,10,2023-09-04,652,6,109.27,1,usou,0,antigo
10,11,2024-11-23,206,3,37.44,0,usou,0,antigo
11,12,2025-01-12,156,3,111.27,0,não usou,1,intermediário
12,13,2025-05-09,39,10,68.24,1,usou,0,intermediário
13,14,2024-08-13,308,3,36.09,0,usou,0,antigo
14,15,2023-08-23,664,7,81.81,0,não usou,1,antigo
15,16,2024-09-17,273,4,153.9,1,usou,0,antigo
16,17,2024-05-09,404,5,65.2,0,não usou,0,antigo
17,18,2023-07-11,707,2,107.69,0,usou,0,antigo
18,19,2023-07-10,708,5,104.41,1,usou,0,antigo
19,20,2023-08-28,659,5,43.07,0,usou,0,antigo
20,21,2023-12-03,562,4,86.79,0,não usou,0,antigo
21,22,2023-12-14,551,0,105.42,0,usou,0,antigo
22,23,2024-07-13,339,5,108.9,1,usou,0,antigo
23,24,2024-09-26,264,6,92.38,1,usou,0,antigo
24,25,2023-07-07,711,4,47.87,1,usou,1,antigo
25,26,2024-08-25,296,1,94.47,1,usou,1,antigo
26,27,2023-11-18,577,6,101.3,1,usou,0,antigo
27,28,2024-12-24,175,8,82.77,0,usou,0,intermediário
28,29,2024-11-02,227,10,84.95,0,usou,0,antigo
29,30,2024-12-12,187,2,54.32,0,usou,0,antigo
30,31,2024-08-13,308,5,81.37,0,usou,0,antigo
31,32,2024-05-07,406,6,60.45,0,usou,0,antigo
32,33,2023-12-05,560,4,132.96,1,não usou,1,antigo
33,34,2024-05-30,383,7,92.15,0,não usou,0,antigo
34,35,2024-09-16,274,5,72.42,0,usou,0,antigo
35,36,2024-01-19,515,3,42.57,1,usou,0,antigo
36,37,2025-03-06,103,2,99.41,0,usou,0,intermediário
37,38,2025-04-22,56,7,83.78,0,não usou,0,intermediário
38,39,2023-06-22,726,4,62.32,0,usou,0,antigo
39,40,2025-01-26,142,8,105.49,0,usou,0,intermediário
40,41,2025-03-03,106,9,72.82,0,usou,0,intermediário
41,42,2023-10-19,607,7,105.62,1,usou,0,antigo
42,43,2024-12-10,189,3,17.3,1,usou,0,antigo
43,44,2024-05-10,403,4,133.11,1,não usou,0,antigo
44,45,2024-03-07,467,2,114.63,1,usou,0,antigo
45,46,2024-01-18,516,4,65.68,1,não usou,0,antigo
46,47,2023-10-15,611,1,89.68,1,usou,1,antigo
47,48,2023-12-01,564,5,55.18,1,não usou,0,antigo
48,49,2025-01-30,138,7,144.6,0,usou,0,intermediário
49,50,2024-03-04,470,6,56.98,0,usou,0,antigo
50,51,2023-09-04,652,7,102.26,0,usou,0,antigo
51,52,2023-08-28,659,1,124.3,0,usou,1,antigo
52,53,2024-04-07,436,7,76.74,1,usou,1,antigo
53,54,2023-08-31,656,7,78.34,1,usou,0,antigo
54,55,2024-03-21,453,5,83.45,1,usou,0,antigo
55,56,2025-04-05,73,3,126.54,1,usou,0,intermediário
56,57,2024-03-10,464,2,111.75,0,usou,1,antigo
57,58,2024-09-27,263,7,27.24,1,usou,0,antigo
58,59,2024-01-08,526,6,46.96,0,usou,0,antigo
59,60,2025-03-04,105,3,94.63,0,não usou,0,intermediário
60,61,2023-07-20,698,2,63.39,0,usou,0,antigo
61,62,2025-01-03,165,5,44.06,0,usou,0,intermediário
62,63,2024-06-07,375,4,61.2,1,não usou,0,antigo
63,64,2024-08-06,315,6,14.24,0,não usou,0,antigo
64,65,2023-09-21,635,1,60.6,0,usou,0,antigo
65,66,2024-04-06,437,6,47.55,0,não usou,0,antigo
66,67,2023-08-17,670,7,66.26,0,não usou,0,antigo
67,68,2024-08-18,303,3,61.22,0,usou,0,antigo
68,69,2024-01-30,504,8,29.92,1,não usou,0,antigo
69,70,2025-03-22,87,3,96.3,1,não usou,0,intermediário
70,71,2024-10-17,243,3,54.19,0,usou,0,antigo
71,72,2024-10-09,251,7,68.46,1,usou,1,antigo
72,73,2025-05-04,44,4,94.64,1,não usou,0,intermediário
73,74,2025-04-16,62,2,127.4,1,usou,0,intermediário
74,75,2024-03-23,451,7,80.55,0,usou,0,antigo
75,76,2024-09-07,283,7,130.29,1,usou,0,antigo
76,77,2023-11-13,582,5,82.15,1,usou,0,antigo
77,78,2024-12-15,184,4,65.67,1,não usou,0,antigo
78,79,2023-08-10,677,7,85.12,0,usou,1,antigo
79,80,2023-07-22,696,4,105.07,1,usou,0,antigo
80,81,2024-11-11,218,9,50.31,1,usou,0,antigo
81,82,2023-12-11,554,5,76.23,0,usou,0,antigo
82,83,2025-02-06,131,6,34.92,0,não usou,0,intermediário
83,84,2024-01-27,507,6,72.18,1,não usou,1,antigo
84,85,2023-08-17,670,2,80.02,0,não usou,0,antigo
85,86,2025-04-11,67,4,84.75,0,usou,0,intermediário
86,87,2023-12-14,551,6,88.7,1,usou,0,antigo
87,88,2025-04-20,58,2,72.36,0,usou,0,intermediário
88,89,2023-09-03,653,1,101.65,0,não usou,0,antigo
89,90,2024-04-07,436,3,46.13,0,usou,0,antigo
90,91,2024-01-18,516,6,29.91,1,usou,0,antigo
91,92,2024-06-03,379,5,132.94,0,usou,0,antigo
92,93,2024-10-22,238,8,89.23,1,não usou,0,antigo
93,94,2025-03-25,84,5,28.69,1,não usou,0,intermediário
94,95,2024-03-26,448,5,87.68,1,usou,0,antigo
95,96,2023-10-21,605,4,109.48,0,usou,0,antigo
96,97,2024-03-30,444,4,50.72,0,usou,0,antigo
97,98,2024-03-18,456,3,111.61,0,usou,0,antigo
98,99,2023-11-26,569,5,78.95,1,usou,0,antigo
99,100,2024-11-18,211,6,133.12,1,não usou,1,antigo
100,101,2024-01-10,524,9,34.2,1,usou,0,antigo
101,102,2024-12-13,186,5,78.26,1,não usou,1,antigo
102,103,2024-11-28,201,7,37.85,0,não usou,0,antigo
103,104,2024-11-01,228,3,95.03,0,usou,0,antigo
104,105,2023-08-11,676,4,82.47,1,usou,1,antigo
105,106,2024-10-02,258,9,111.96,1,não usou,0,antigo
106,107,2024-10-22,238,4,21.99,1,não usou,1,antigo
107,108,2023-10-27,599,7,43.78,1,não usou,1,antigo
108,109,2024-08-04,317,5,96.66,0,não usou,1,antigo
109,110,2025-01-03,165,7,61.31,1,não usou,0,intermediário
110,111,2023-12-24,541,5,96.3,0,não usou,0,antigo
111,112,2023-10-21,605,4,112.51,0,usou,0,antigo
112,113,2024-06-10,372,8,87.2,1,usou,0,antigo
113,114,2024-04-06,437,9,89.17,1,não usou,0,antigo
114,115,2024-01-12,522,5,104.53,1,usou,0,antigo
115,116,2024-10-26,234,7,35.32,1,usou,0,antigo
116,117,2024-12-02,197,5,25.7,1,não usou,0,antigo
117,118,2024-08-22,299,5,108.95,0,usou,0,antigo
118,119,2023-12-04,561,7,99.46,0,não usou,0,antigo
119,120,2024-11-29,200,6,109.62,1,usou,0,antigo
120,121,2024-02-23,480,5,42.45,1,usou,1,antigo
121,122,2025-04-01,77,7,123.31,0,usou,0,intermediário
122,123,2025-02-02,135,3,59.71,0,usou,0,intermediário
123,124,2025-02-08,129,5,134.03,0,usou,0,intermediário
124,125,2023-07-30,688,5,50.99,0,usou,0,antigo
125,126,2023-12-11,554,4,78.57,0,usou,0,antigo
126,127,2025-03-16,93,2,49.95,0,usou,0,intermediário
127,128,2023-07-11,707,2,71.57,1,usou,0,antigo
128,129,2025-03-03,106,7,83.44,1,usou,0,intermediário
129,130,2024-02-17,486,3,108.5,0,não usou,0,antigo
130,131,2024-04-23,420,6,131.83,0,usou,1,antigo
131,132,2024-01-10,524,3,93.09,0,não usou,0,antigo
132,133,2023-08-07,680,7,86.73,0,usou,0,antigo
133,134,2023-11-27,568,7,111.41,1,usou,0,antigo
134,135,2024-08-30,291,5,79.23,0,usou,0,antigo
135,136,2025-04-27,51,6,115.18,1,usou,0,intermediário
136,137,2024-12-25,174,4,82.3,0,usou,0,intermediário
137,138,2024-02-16,487,4,41.51,0,usou,0,antigo
138,139,2023-11-29,566,6,77.85,0,usou,0,antigo
139,140,2024-11-07,222,5,78.88,0,usou,1,antigo
140,141,2024-07-08,344,0,84.18,1,usou,0,antigo
141,142,2024-04-19,424,3,93.58,0,usou,0,antigo
142,143,2025-05-04,44,6,106.1,1,usou,0,intermediário
143,144,2024-10-28,232,5,94.87,1,não usou,0,antigo
144,145,2024-06-07,375,5,78.08,1,usou,0,antigo
145,146,2023-10-05,621,10,89.86,0,não usou,0,antigo
146,147,2024-01-08,526,5,41.21,0,usou,0,antigo
147,148,2023-10-03,623,6,61.97,0,usou,0,antigo
148,149,2023-12-25,540,7,102.77,0,usou,0,antigo
149,150,2025-01-15,153,4,88.44,0,usou,0,intermediário
150,151,2024-08-26,295,6,96.5,0,usou,0,antigo
151,152,2024-08-08,313,5,50.95,0,não usou,0,antigo
152,153,2024-01-07,527,7,42.68,1,não usou,0,antigo
153,154,2025-01-17,151,5,59.21,0,usou,0,intermediário
154,155,2024-09-13,277,2,116.74,0,não usou,0,antigo
155,156,2024-05-14,399,6,128.7,1,usou,1,antigo
156,157,2025-05-14,34,3,68.63,0,usou,0,intermediário
157,158,2024-09-12,278,3,73.89,0,não usou,0,antigo
158,159,2024-04-22,421,6,100.85,1,usou,0,antigo
159,160,2024-03-24,450,6,138.4,0,usou,0,antigo
160,161,2023-12-04,561,7,116.39,0,usou,0,antigo
161,162,2023-10-02,624,5,84.25,0,não usou,0,antigo
162,163,2024-07-16,336,4,144.67,0,usou,0,antigo
163,164,2024-07-04,348,6,46.06,1,usou,0,antigo
164,165,2023-08-26,661,4,48.9,1,usou,0,antigo
165,166,2025-01-24,144,6,119.39,0,usou,0,intermediário
166,167,2023-07-23,695,2,95.23,0,usou,0,antigo
167,168,2025-04-15,63,3,81.62,1,usou,0,intermediário
168,169,2023-09-10,646,3,63.09,0,usou,0,antigo
169,170,2023-10-13,613,6,67.67,1,usou,0,antigo
170,171,2024-10-16,244,4,116.23,1,usou,0,antigo
171,172,2023-10-19,607,2,70.5,0,usou,0,antigo
172,173,2025-02-21,116,2,50.18,0,usou,0,intermediário
173,174,2024-11-26,203,3,79.07,1,usou,0,antigo
174,175,2024-05-09,404,9,77.35,1,usou,0,antigo
175,176,2024-09-22,268,4,107.64,1,usou,0,antigo
176,177,2023-08-05,682,1,69.04,0,não usou,1,antigo
177,178,2024-04-10,433,6,85.54,0,não usou,0,antigo
178,179,2024-04-08,435,2,109.88,1,usou,0,antigo
179,180,2024-09-21,269,5,57.3,1,usou,0,antigo
180,181,2024-06-14,368,7,48.66,0,usou,1,antigo
181,182,2024-07-31,321,2,21.01,1,usou,0,antigo
182,183,2023-12-29,536,11,89.79,1,não usou,0,antigo
183,184,2024-08-19,302,6,80.91,0,usou,0,antigo
184,185,2025-04-15,63,7,73.73,1,não usou,0,intermediário
185,186,2023-06-25,723,6,54.48,1,não usou,0,antigo
186,187,2024-11-26,203,4,101.67,1,usou,0,antigo
187,188,2024-12-27,172,6,68.82,1,usou,0,intermediário
188,189,2023-09-13,643,4,126.26,0,usou,0,antigo
189,190,2024-11-27,202,5,140.18,0,usou,0,antigo
190,191,2025-05-04,44,5,77.52,0,usou,1,intermediário
191,192,2024-08-07,314,6,76.35,1,usou,0,antigo
192,193,2025-01-20,148,4,84.23,0,usou,0,intermediário
193,194,2024-01-10,524,7,26.95,0,usou,0,antigo
194,195,2025-02-02,135,5,102.98,1,não usou,0,intermediário
195,196,2024-10-26,234,4,116.81,0,usou,0,antigo
196,197,2024-03-07,467,3,83.05,0,usou,0,antigo
197,198,2023-09-11,645,5,46.07,0,não usou,0,antigo
198,199,2024-01-30,504,7,55.75,0,não usou,0,antigo
199,200,2024-05-19,394,6,70.54,1,usou,0,antigo
200,201,2023-10-17,609,7,98.57,0,usou,0,antigo
201,202,2024-06-03,379,3,141.72,0,não usou,0,antigo
202,203,2023-06-19,729,7,106.49,0,usou,0,antigo
203,204,2024-12-28,171,7,77.66,1,usou,0,intermediário
204,205,2025-04-27,51,7,69.96,0,usou,0,intermediário
205,206,2024-12-26,173,3,67.89,1,usou,0,intermediário
206,207,2024-01-07,527,8,80.98,0,usou,0,antigo
207,208,2024-07-09,343,5,71.99,1,usou,0,antigo
208,209,2025-01-28,140,6,105.22,0,não usou,0,intermediário
209,210,2023-11-02,593,7,96.4,1,usou,0,antigo
210,211,2024-07-15,337,4,67.94,1,não usou,0,antigo
211,212,2023-09-07,649,4,95.73,0,usou,1,antigo
212,213,2025-04-23,55,8,28.85,1,usou,0,intermediário
213,214,2024-10-14,246,3,11.69,1,usou,0,antigo
214,215,2024-02-03,500,5,106.66,0,usou,0,antigo
215,216,2025-03-31,78,4,64.2,0,usou,0,intermediário
216,217,2024-10-25,235,3,108.51,1,não usou,0,antigo
217,218,2024-07-15,337,2,131.32,0,usou,0,antigo
218,219,2024-10-02,258,4,109.26,1,usou,0,antigo
219,220,2023-11-18,577,7,95.03,1,usou,0,antigo
220,221,2023-10-13,613,3,145.13,1,usou,0,antigo
221,222,2024-04-02,441,3,74.72,0,usou,0,antigo
222,223,2025-01-29,139,4,93.56,0,não usou,0,intermediário
223,224,2023-10-20,606,0,42.8,0,não usou,0,antigo
224,225,2024-08-08,313,5,75.2,0,usou,0,antigo
225,226,2025-02-10,127,7,100.14,0,usou,0,intermediário
226,227,2024-08-01,320,7,65.51,0,não usou,0,antigo
227,228,2023-06-17,731,4,84.4,0,usou,0,antigo
228,229,2024-09-24,266,1,95.36,1,usou,0,antigo
229,230,2024-02-23,480,1,74.95,1,usou,0,antigo
230,231,2024-06-30,352,4,45.69,0,usou,0,antigo
231,232,2023-07-02,716,3,83.26,0,usou,0,antigo
232,233,2023-09-11,645,8,95.84,1,usou,0,antigo
233,234,2024-03-24,450,7,94.66,0,não usou,0,antigo
234,235,2025-04-29,49,2,119.31,0,não usou,0,intermediário
235,236,2025-03-23,86,6,121.87,1,não usou,0,intermediário
236,237,2025-03-04,105,3,47.06,0,usou,0,intermediário
237,238,2024-02-10,493,6,69.15,1,usou,0,antigo
238,239,2023-12-19,546,5,131.98,1,usou,0,antigo
239,240,2023-07-31,687,3,146.94,0,não usou,1,antigo
240,241,2023-12-21,544,5,10.0,1,usou,0,antigo
241,242,2025-04-28,50,4,71.42,0,usou,0,intermediário
242,243,2024-08-30,291,7,60.04,1,usou,0,antigo
243,244,2023-08-17,670,7,106.2,1,usou,0,antigo
244,245,2023-08-22,665,10,74.15,1,usou,0,antigo
245,246,2025-01-05,163,5,114.01,0,usou,0,intermediário
246,247,2024-06-28,354,5,108.59,0,não usou,0,antigo
247,248,2025-03-11,98,9,95.39,0,não usou,0,intermediário
248,249,2023-08-09,678,3,23.19,0,usou,0,antigo
249,250,2025-01-27,141,2,86.4,0,não usou,0,intermediário
250,251,2024-08-03,318,7,82.37,1,usou,0,antigo
251,252,2025-01-31,137,6,80.69,1,não usou,0,intermediário
252,253,2023-09-22,634,6,25.0,0,usou,0,antigo
253,254,2023-09-24,632,2,79.16,0,não usou,0,antigo
254,255,2024-11-10,219,3,104.75,0,não usou,0,antigo
255,256,2024-06-20,362,9,53.99,1,usou,0,antigo
256,257,2024-08-17,304,2,95.67,1,usou,0,antigo
257,258,2023-10-23,603,6,55.51,0,usou,0,antigo
258,259,2024-01-08,526,4,117.05,1,não usou,0,antigo
259,260,2024-07-30,322,6,70.4,1,usou,0,antigo
260,261,2025-04-24,54,6,27.68,1,não usou,0,intermediário
261,262,2024-09-30,260,1,83.57,0,usou,0,antigo
262,263,2024-05-10,403,3,96.14,0,usou,0,antigo
263,264,2023-11-28,567,5,78.75,1,usou,0,antigo
264,265,2024-08-08,313,1,109.43,0,usou,0,antigo
265,266,2025-01-23,145,0,57.73,0,usou,1,intermediário
266,267,2025-01-03,165,5,31.97,0,não usou,0,intermediário
267,268,2024-12-03,196,8,55.15,1,não usou,0,antigo
268,269,2023-11-20,575,2,118.45,0,não usou,0,antigo
269,270,2024-12-21,178,6,96.73,0,usou,0,intermediário
270,271,2024-02-14,489,2,54.95,0,usou,0,antigo
271,272,2024-04-21,422,3,142.69,0,usou,0,antigo
272,273,2024-11-19,210,3,37.28,0,usou,1,antigo
273,274,2024-11-02,227,10,72.0,0,usou,0,antigo
274,275,2024-04-02,441,10,134.13,0,usou,0,antigo
275,276,2024-05-22,391,4,74.27,0,usou,1,antigo
276,277,2025-05-15,33,5,75.39,0,usou,0,intermediário
277,278,2024-07-23,329,5,53.81,1,usou,0,antigo
278,279,2024-06-01,381,8,43.66,0,usou,0,antigo
279,280,2023-09-18,638,2,101.92,0,não usou,0,antigo
280,281,2023-12-26,539,7,103.38,1,usou,0,antigo
281,282,2023-12-08,557,5,71.28,0,usou,0,antigo
282,283,2023-08-05,682,1,80.33,0,usou,0,antigo
283,284,2024-03-05,469,7,101.29,0,não usou,0,antigo
284,285,2023-07-03,715,1,100.71,0,usou,0,antigo
285,286,2024-09-15,275,3,10.0,1,usou,0,antigo
286,287,2024-08-20,301,8,103.5,1,usou,0,antigo
287,288,2023-12-12,553,4,72.45,1,não usou,0,antigo
288,289,2024-09-16,274,3,32.35,1,usou,0,antigo
289,290,2023-12-05,560,12,103.79,1,não usou,0,antigo
290,291,2023-06-22,726,9,100.87,0,não usou,0,antigo
291,292,2023-08-11,676,3,105.47,0,usou,0,antigo
292,293,2024-12-17,182,6,87.31,0,não usou,0,antigo
293,294,2024-10-19,241,5,121.6,0,usou,0,antigo
294,295,2023-08-01,686,3,82.09,0,usou,0,antigo
295,296,2023-12-11,554,4,60.81,1,não usou,0,antigo
296,297,2023-08-08,679,3,84.8,1,usou,0,antigo
297,298,2023-07-11,707,4,95.05,0,usou,0,antigo
298,299,2025-04-14,64,4,106.71,0,usou,0,intermediário
299,300,2024-02-28,475,4,111.06,1,usou,0,antigo
300,301,2023-08-11,676,1,77.5,0,usou,0,antigo
301,302,2024-07-20,332,2,85.57,1,não usou,0,antigo
302,303,2023-12-18,547,7,96.54,0,usou,0,antigo
303,304,2024-01-19,515,2,90.22,0,não usou,0,antigo
304,305,2024-11-17,212,6,79.29,0,usou,1,antigo
305,306,2024-06-28,354,4,74.77,0,usou,0,antigo
306,307,2023-11-30,565,3,90.78,0,não usou,0,antigo
307,308,2024-08-08,313,2,97.04,0,usou,0,antigo
308,309,2023-09-27,629,8,122.51,1,usou,0,antigo
309,310,2024-12-29,170,7,100.44,1,usou,0,intermediário
310,311,2025-05-02,46,6,63.51,0,não usou,0,intermediário
311,312,2024-09-02,288,4,105.79,1,usou,0,antigo
312,313,2024-09-06,284,2,103.71,1,usou,0,antigo
313,314,2024-06-18,364,4,90.2,0,usou,0,antigo
314,315,2023-12-22,543,9,111.95,0,não usou,0,antigo
315,316,2025-02-15,122,8,15.79,1,não usou,0,intermediário
316,317,2024-06-18,364,1,109.27,0,não usou,0,antigo
317,318,2025-03-05,104,1,107.55,1,não usou,0,intermediário
318,319,2024-04-28,415,4,75.62,0,não usou,1,antigo
319,320,2023-11-11,584,7,62.21,0,usou,0,antigo
320,321,2023-08-29,658,4,53.14,1,não usou,0,antigo
321,322,2023-08-31,656,4,67.76,1,não usou,0,antigo
322,323,2024-11-09,220,4,88.42,1,usou,0,antigo
323,324,2024-05-16,397,7,132.76,0,usou,0,antigo
324,325,2024-03-18,456,4,94.88,0,usou,0,antigo
325,326,2024-05-11,402,6,81.33,0,usou,0,antigo
326,327,2024-05-01,412,5,99.55,0,não usou,0,antigo
327,328,2024-06-13,369,7,45.87,0,não usou,0,antigo
328,329,2025-04-17,61,8,103.52,0,usou,0,intermediário
329,330,2025-01-03,165,4,89.32,0,não usou,0,intermediário
330,331,2023-07-29,689,3,52.77,1,usou,0,antigo
331,332,2024-11-21,208,6,125.58,0,usou,0,antigo
332,333,2024-11-05,224,7,51.52,0,não usou,0,antigo
333,334,2024-10-30,230,3,123.04,0,usou,0,antigo
334,335,2023-09-01,655,9,114.84,1,usou,1,antigo
335,336,2023-08-03,684,2,55.66,0,não usou,0,antigo
336,337,2024-04-24,419,5,98.66,1,não usou,0,antigo
337,338,2025-01-02,166,10,119.87,0,usou,1,intermediário
338,339,2024-03-06,468,10,138.62,1,usou,1,antigo
339,340,2025-02-27,110,6,64.83,1,usou,0,intermediário
340,341,2025-04-16,62,5,95.69,1,usou,0,intermediário
341,342,2023-09-09,647,6,119.93,1,usou,0,antigo
342,343,2023-12-27,538,2,55.78,1,usou,0,antigo
343,344,2023-11-12,583,6,75.53,1,usou,0,antigo
344,345,2023-11-11,584,6,90.29,1,não usou,0,antigo
345,346,2024-08-06,315,2,89.25,0,não usou,0,antigo
346,347,2024-05-30,383,6,61.62,0,não usou,0,antigo
347,348,2023-10-03,623,3,111.56,0,usou,0,antigo
348,349,2024-05-09,404,3,22.46,0,usou,0,antigo
349,350,2023-11-06,589,5,75.5,0,usou,0,antigo
350,351,2024-01-19,515,4,134.98,1,usou,0,antigo
351,352,2024-06-10,372,8,104.42,0,usou,0,antigo
352,353,2023-12-28,537,5,87.86,0,usou,0,antigo
353,354,2025-04-26,52,4,42.35,0,não usou,0,intermediário
354,355,2023-08-14,673,6,69.5,1,usou,0,antigo
355,356,2024-05-26,387,6,50.12,1,não usou,0,antigo
356,357,2025-03-05,104,0,88.89,1,usou,0,intermediário
357,358,2025-04-16,62,5,91.26,0,não usou,0,intermediário
358,359,2025-04-11,67,6,64.21,1,não usou,0,intermediário
359,360,2024-08-17,304,6,121.65,0,não usou,0,antigo
360,361,2023-09-01,655,3,33.41,0,usou,0,antigo
361,362,2023-07-26,692,5,70.96,1,não usou,0,antigo
362,363,2024-11-04,225,5,126.02,0,usou,0,antigo
363,364,2024-08-09,312,11,84.14,0,usou,0,antigo
364,365,2025-03-27,82,6,30.82,0,usou,1,intermediário
365,366,2023-06-28,720,3,68.23,0,não usou,0,antigo
366,367,2023-08-28,659,5,116.18,1,usou,1,antigo
367,368,2025-01-22,146,3,103.32,0,usou,0,intermediário
368,369,2025-04-06,72,7,64.13,0,usou,0,intermediário
369,370,2023-12-17,548,6,48.3,0,não usou,0,antigo
370,371,2023-10-24,602,10,76.32,0,usou,0,antigo
371,372,2024-04-27,416,4,82.8,0,usou,0,antigo
372,373,2024-06-28,354,3,78.02,0,não usou,0,antigo
373,374,2024-06-24,358,5,93.52,0,usou,0,antigo
374,375,2023-11-30,565,5,77.95,0,usou,0,antigo
375,376,2025-04-18,60,7,54.46,1,usou,0,intermediário
376,377,2024-04-23,420,2,93.61,1,usou,0,antigo
377,378,2025-05-17,31,2,50.53,1,usou,0,intermediário
378,379,2023-08-01,686,3,92.1,1,usou,0,antigo
379,380,2023-10-22,604,5,92.83,0,não usou,0,antigo
380,381,2024-04-06,437,3,84.59,0,usou,0,antigo
381,382,2023-06-18,730,11,110.54,1,usou,0,antigo
382,383,2024-04-15,428,8,21.47,0,usou,0,antigo
383,384,2024-01-08,526,1,84.31,1,usou,0,antigo
384,385,2025-02-15,122,9,129.48,1,não usou,1,intermediário
385,386,2025-02-15,122,4,112.12,0,não usou,0,intermediário
386,387,2024-06-04,378,5,46.02,0,não usou,0,antigo
387,388,2024-01-24,510,6,90.33,0,usou,0,antigo
388,389,2024-05-10,403,2,59.7,0,usou,0,antigo
389,390,2024-12-09,190,7,110.14,0,usou,0,antigo
390,391,2025-01-04,164,5,20.44,1,não usou,0,intermediário
391,392,2025-02-14,123,4,61.7,0,usou,0,intermediário
392,393,2024-08-21,300,5,45.37,1,não usou,0,antigo
393,394,2024-11-12,217,7,27.45,0,usou,0,antigo
394,395,2024-12-26,173,7,44.1,0,usou,0,intermediário
395,396,2024-06-29,353,10,106.81,0,usou,0,antigo
396,397,2023-10-15,611,6,51.43,1,não usou,0,antigo
397,398,2023-11-11,584,5,59.69,1,usou,0,antigo
398,399,2024-02-02,501,6,98.56,1,não usou,0,antigo
399,400,2023-12-03,562,3,40.51,1,usou,0,antigo
400,401,2023-08-01,686,3,74.43,0,usou,0,antigo
401,402,2024-09-08,282,5,70.35,1,usou,0,antigo
402,403,2025-01-08,160,2,29.94,1,usou,0,intermediário
403,404,2024-08-11,310,10,111.76,0,não usou,0,antigo
404,405,2023-08-03,684,2,52.86,1,usou,0,antigo
405,406,2025-01-17,151,4,115.18,0,usou,0,intermediário
406,407,2024-02-15,488,2,52.51,0,não usou,0,antigo
407,408,2023-07-31,687,6,120.66,1,usou,0,antigo
408,409,2023-07-25,693,2,122.56,1,usou,0,antigo
409,410,2024-09-12,278,6,10.0,0,usou,0,antigo
410,411,2024-06-21,361,9,66.21,1,usou,0,antigo
411,412,2024-07-11,341,3,27.86,0,usou,0,antigo
412,413,2025-04-09,69,1,115.41,0,usou,0,intermediário
413,414,2024-08-02,319,3,148.35,0,usou,0,antigo
414,415,2023-10-17,609,7,19.24,1,não usou,0,antigo
415,416,2023-07-31,687,5,104.27,1,usou,0,antigo
416,417,2024-07-15,337,5,74.56,0,não usou,0,antigo
417,418,2023-08-18,669,5,65.17,0,usou,0,antigo
418,419,2025-04-08,70,7,153.34,0,usou,0,intermediário
419,420,2023-11-08,587,3,63.73,0,não usou,0,antigo
420,421,2023-08-09,678,6,105.85,0,não usou,0,antigo
421,422,2024-09-21,269,3,84.17,1,usou,0,antigo
422,423,2023-08-08,679,6,96.79,0,usou,0,antigo
423,424,2024-11-22,207,6,55.59,1,não usou,0,antigo
424,425,2025-04-16,62,4,83.95,1,usou,0,intermediário
425,426,2023-12-16,549,5,62.31,1,usou,0,antigo
426,427,2024-04-25,418,8,41.35,0,usou,0,antigo
427,428,2023-09-18,638,3,88.78,0,não usou,0,antigo
428,429,2025-05-08,40,2,88.59,0,usou,0,intermediário
429,430,2024-09-01,289,2,10.0,0,usou,0,antigo
430,431,2023-12-25,540,4,143.11,0,usou,0,antigo
431,432,2024-09-08,282,2,97.89,0,não usou,0,antigo
432,433,2024-09-20,270,6,56.32,0,usou,0,antigo
433,434,2023-07-17,701,3,83.06,0,não usou,0,antigo
434,435,2024-10-10,250,6,94.89,1,usou,0,antigo
435,436,2023-08-19,668,3,63.94,1,usou,0,antigo
436,437,2024-05-07,406,6,62.08,1,usou,0,antigo
437,438,2024-11-08,221,5,112.34,0,usou,0,antigo
438,439,2024-09-12,278,5,121.04,0,usou,0,antigo
439,440,2024-08-29,292,6,44.94,1,não usou,0,antigo
440,441,2024-07-27,325,9,64.06,0,usou,0,antigo
441,442,2024-02-17,486,0,32.96,0,não usou,0,antigo
442,443,2024-01-05,529,3,53.26,1,usou,0,antigo
443,444,2023-11-22,573,3,78.14,1,usou,0,antigo
444,445,2024-11-18,211,7,61.12,0,usou,0,antigo
445,446,2024-12-24,175,3,57.52,0,usou,0,intermediário
446,447,2024-02-16,487,3,120.11,1,usou,0,antigo
447,448,2023-12-19,546,9,115.48,1,não usou,0,antigo
448,449,2024-01-09,525,4,141.49,0,usou,0,antigo
449,450,2024-04-19,424,6,80.02,1,usou,0,antigo
450,451,2023-09-26,630,6,20.65,0,usou,0,antigo
451,452,2024-11-19,210,3,81.41,1,usou,0,antigo
452,453,2024-10-30,230,7,50.3,0,usou,0,antigo
453,454,2024-02-05,498,9,78.95,0,usou,0,antigo
454,455,2024-06-06,376,4,76.13,1,usou,0,antigo
455,456,2024-02-17,486,7,90.22,1,não usou,0,antigo
456,457,2025-01-20,148,7,82.73,1,usou,0,intermediário
457,458,2023-08-12,675,8,134.2,0,usou,0,antigo
458,459,2023-06-24,724,4,109.9,0,não usou,0,antigo
459,460,2024-06-06,376,6,58.11,1,usou,0,antigo
460,461,2024-10-11,249,3,109.87,0,usou,0,antigo
461,462,2024-08-27,294,5,131.1,1,usou,0,antigo
462,463,2023-09-02,654,5,68.88,0,não usou,1,antigo
463,464,2023-08-12,675,4,39.56,1,usou,0,antigo
464,465,2024-08-07,314,4,62.42,0,usou,0,antigo
465,466,2023-11-29,566,2,89.87,0,usou,0,antigo
466,467,2024-07-13,339,5,73.63,1,usou,1,antigo
467,468,2024-01-08,526,6,125.13,0,não usou,0,antigo
468,469,2023-09-27,629,4,48.09,0,não usou,0,antigo
469,470,2024-03-14,460,7,56.3,0,usou,0,antigo
470,471,2025-05-01,47,3,68.46,1,não usou,0,intermediário
471,472,2023-08-09,678,4,88.66,1,não usou,0,antigo
472,473,2025-04-29,49,2,127.1,1,usou,0,intermediário
473,474,2023-12-23,542,4,82.06,0,usou,0,antigo
474,475,2024-03-30,444,7,54.31,0,usou,0,antigo
475,476,2024-01-24,510,4,82.93,0,usou,1,antigo
476,477,2023-10-17,609,4,59.9,1,não usou,0,antigo
477,478,2024-05-22,391,7,115.15,1,usou,0,antigo
478,479,2025-03-25,84,4,56.56,1,usou,0,intermediário
479,480,2024-08-11,310,5,49.25,0,usou,0,antigo
480,481,2024-12-14,185,3,84.28,0,usou,0,antigo
481,482,2024-02-06,497,2,62.67,1,não usou,0,antigo
482,483,2024-10-04,256,3,89.59,1,usou,0,antigo
483,484,2025-03-04,105,4,129.61,1,usou,1,intermediário
484,485,2024-11-05,224,4,34.02,1,usou,0,antigo
485,486,2024-07-31,321,9,74.11,0,usou,0,antigo
486,487,2023-06-23,725,7,130.07,0,usou,0,antigo
487,488,2024-11-16,213,5,51.72,1,usou,0,antigo
488,489,2025-03-12,97,9,72.12,0,não usou,1,intermediário
489,490,2024-08-20,301,6,69.91,1,usou,1,antigo
490,491,2024-02-04,499,5,110.24,0,usou,0,antigo
491,492,2024-11-13,216,6,63.51,0,não usou,0,antigo
492,493,2023-09-05,651,4,98.9,1,usou,0,antigo
493,494,2025-04-29,49,5,23.7,1,não usou,0,intermediário
494,495,2023-09-29,627,7,82.31,0,não usou,0,antigo
495,496,2024-01-08,526,6,83.72,1,não usou,0,antigo
496,497,2023-09-14,642,6,80.14,0,usou,0,antigo
497,498,2025-05-08,40,3,104.6,0,usou,0,intermediário
498,499,2023-09-08,648,4,10.0,0,não usou,0,antigo
499,500,2025-01-13,155,4,61.1,0,não usou,0,intermediário
500,501,2024-08-19,302,2,77.63,1,não usou,0,antigo
501,502,2023-10-15,611,3,62.63,0,usou,0,antigo
502,503,2024-01-14,520,8,58.14,0,usou,0,antigo
503,504,2024-01-21,513,5,144.45,0,não usou,0,antigo
504,505,2024-09-28,262,4,76.87,1,não usou,0,antigo
505,506,2023-11-27,568,8,91.8,1,não usou,0,antigo
506,507,2024-12-25,174,5,75.1,0,usou,0,intermediário
507,508,2024-03-09,465,4,128.59,0,não usou,0,antigo
508,509,2023-11-22,573,2,78.24,1,usou,0,antigo
509,510,2024-12-01,198,9,64.85,1,não usou,0,antigo
510,511,2024-10-21,239,6,34.99,0,usou,0,antigo
511,512,2025-04-09,69,8,56.63,0,usou,0,intermediário
512,513,2024-01-08,526,4,72.72,0,usou,0,antigo
513,514,2024-07-13,339,3,23.3,0,usou,0,antigo
514,515,2024-06-30,352,3,112.11,0,usou,1,antigo
515,516,2023-12-29,536,9,118.16,1,usou,0,antigo
516,517,2025-04-04,74,4,72.51,1,usou,0,intermediário
517,518,2023-07-26,692,6,89.56,0,não usou,0,antigo
518,519,2023-08-27,660,3,74.74,1,usou,0,antigo
519,520,2024-10-21,239,5,94.75,1,não usou,0,antigo
520,521,2024-05-11,402,1,65.64,0,usou,0,antigo
521,522,2025-03-22,87,2,90.78,1,usou,0,intermediário
522,523,2024-01-17,517,10,87.31,0,não usou,0,antigo
523,524,2023-07-21,697,3,47.29,0,usou,0,antigo
524,525,2023-06-19,729,3,103.94,1,não usou,0,antigo
525,526,2024-03-02,472,5,24.22,0,usou,0,antigo
526,527,2025-02-04,133,6,155.35,0,usou,0,intermediário
527,528,2023-09-26,630,6,78.78,0,usou,0,antigo
528,529,2024-10-23,237,6,28.49,0,usou,0,antigo
529,530,2024-01-06,528,8,80.97,0,não usou,0,antigo
530,531,2023-10-20,606,6,23.37,0,usou,0,antigo
531,532,2025-01-12,156,2,62.11,0,usou,0,intermediário
532,533,2024-05-25,388,5,142.8,1,não usou,0,antigo
533,534,2024-08-18,303,4,34.64,0,usou,0,antigo
534,535,2024-12-16,183,4,116.2,0,não usou,0,antigo
535,536,2024-05-14,399,4,34.18,0,usou,1,antigo
536,537,2024-08-25,296,4,81.33,1,usou,0,antigo
537,538,2023-06-24,724,3,27.63,1,não usou,0,antigo
538,539,2023-09-11,645,6,107.96,1,não usou,0,antigo
539,540,2023-08-14,673,6,112.9,0,usou,0,antigo
540,541,2025-05-02,46,4,21.02,0,usou,0,intermediário
541,542,2024-12-04,195,6,77.51,1,usou,0,antigo
542,543,2023-10-10,616,6,82.9,0,usou,0,antigo
543,544,2024-08-13,308,4,70.28,0,não usou,0,antigo
544,545,2023-07-14,704,7,61.78,0,usou,1,antigo
545,546,2025-03-26,83,6,67.87,0,usou,0,intermediário
546,547,2024-03-29,445,2,112.4,1,usou,1,antigo
547,548,2024-09-11,279,4,108.28,1,usou,1,antigo
548,549,2024-08-19,302,2,96.23,0,não usou,0,antigo
549,550,2023-10-10,616,5,106.29,1,usou,0,antigo
550,551,2024-05-15,398,6,70.34,0,usou,0,antigo
551,552,2023-09-23,633,5,83.26,0,usou,0,antigo
552,553,2023-07-19,699,3,73.62,0,usou,0,antigo
553,554,2024-02-11,492,4,115.37,0,usou,0,antigo
554,555,2024-03-26,448,1,118.03,0,usou,0,antigo
555,556,2025-05-15,33,2,88.66,1,usou,0,intermediário
556,557,2025-02-24,113,3,91.49,1,usou,0,intermediário
557,558,2025-04-15,63,4,55.86,1,usou,0,intermediário
558,559,2023-07-17,701,4,85.98,0,usou,0,antigo
559,560,2025-05-15,33,5,77.57,0,usou,0,intermediário
560,561,2024-03-20,454,4,105.7,1,usou,0,antigo
561,562,2023-11-27,568,6,130.32,1,não usou,0,antigo
562,563,2024-11-27,202,5,84.53,0,não usou,0,antigo
563,564,2023-12-27,538,2,91.41,0,usou,0,antigo
564,565,2024-11-16,213,3,65.37,1,usou,0,antigo
565,566,2023-09-04,652,3,112.23,0,usou,0,antigo
566,567,2024-03-17,457,10,83.81,0,usou,0,antigo
567,568,2025-02-11,126,8,82.61,0,não usou,1,intermediário
568,569,2024-08-24,297,4,123.5,0,usou,0,antigo
569,570,2025-05-03,45,4,37.22,1,não usou,0,intermediário
570,571,2025-04-26,52,8,64.8,0,não usou,0,intermediário
571,572,2024-04-27,416,5,54.52,0,usou,0,antigo
572,573,2024-10-11,249,2,86.28,1,usou,0,antigo
573,574,2025-01-19,149,6,50.46,0,usou,1,intermediário
574,575,2023-10-15,611,9,58.0,1,usou,0,antigo
575,576,2023-12-17,548,6,59.91,0,não usou,0,antigo
576,577,2025-04-18,60,2,129.64,0,usou,0,intermediário
577,578,2023-10-21,605,6,62.4,0,usou,0,antigo
578,579,2025-02-27,110,6,163.07,1,usou,0,intermediário
579,580,2025-03-07,102,5,62.2,1,usou,1,intermediário
580,581,2023-11-01,594,5,52.69,1,não usou,0,antigo
581,582,2025-05-01,47,5,143.21,1,usou,0,intermediário
582,583,2024-05-02,411,5,107.94,1,usou,0,antigo
583,584,2023-07-06,712,2,101.96,1,usou,0,antigo
584,585,2023-11-03,592,4,41.86,0,usou,0,antigo
585,586,2025-01-09,159,4,42.58,1,usou,0,intermediário
586,587,2024-03-01,473,9,61.75,1,usou,0,antigo
587,588,2025-02-13,124,3,97.78,0,usou,0,intermediário
588,589,2024-05-01,412,2,81.13,1,usou,0,antigo
589,590,2025-03-01,108,2,71.79,0,não usou,0,intermediário
590,591,2024-11-18,211,5,88.73,0,usou,0,antigo
591,592,2025-04-18,60,6,108.74,0,usou,0,intermediário
592,593,2025-01-07,161,6,72.92,1,não usou,0,intermediário
593,594,2025-03-07,102,4,67.79,1,não usou,0,intermediário
594,595,2023-12-26,539,5,94.9,1,não usou,0,antigo
595,596,2024-01-10,524,10,54.77,1,usou,0,antigo
596,597,2023-10-18,608,6,53.46,0,usou,0,antigo
597,598,2025-02-17,120,6,64.38,0,não usou,0,intermediário
598,599,2024-12-12,187,3,122.82,0,usou,0,antigo
599,600,2023-09-08,648,3,67.42,1,usou,0,antigo
600,601,2024-04-09,434,3,54.63,0,usou,1,antigo
601,602,2025-04-24,54,7,79.58,1,não usou,0,intermediário
602,603,2023-07-17,701,0,81.52,0,não usou,0,antigo
603,604,2025-04-13,65,4,124.69,0,usou,1,intermediário
604,605,2024-06-16,366,6,81.42,0,usou,1,antigo
605,606,2023-12-06,559,3,41.65,0,não usou,0,antigo
606,607,2023-11-19,576,4,59.39,0,usou,0,antigo
607,608,2025-03-12,97,3,39.48,1,não usou,0,intermediário
608,609,2024-06-08,374,4,106.06,0,não usou,1,antigo
609,610,2024-03-14,460,3,29.5,0,não usou,0,antigo
610,611,2024-02-09,494,7,86.03,0,usou,0,antigo
611,612,2025-03-15,94,4,67.32,0,usou,0,intermediário
612,613,2025-02-23,114,5,49.18,1,usou,0,intermediário
613,614,2025-04-23,55,3,68.8,1,usou,0,intermediário
614,615,2023-12-10,555,8,82.94,1,usou,0,antigo
615,616,2023-12-07,558,4,53.03,0,usou,0,antigo
616,617,2023-07-05,713,6,74.48,1,usou,0,antigo
617,618,2024-11-10,219,4,85.65,1,não usou,0,antigo
618,619,2023-11-14,581,5,87.21,1,usou,0,antigo
619,620,2024-04-21,422,6,117.59,1,usou,0,antigo
620,621,2024-02-26,477,4,71.17,0,usou,0,antigo
621,622,2024-01-19,515,6,123.58,1,não usou,0,antigo
622,623,2025-04-18,60,5,170.44,0,não usou,0,intermediário
623,624,2023-08-09,678,4,98.8,1,usou,0,antigo
624,625,2025-02-06,131,3,26.13,0,usou,0,intermediário
625,626,2024-01-19,515,5,70.1,1,não usou,0,antigo
626,627,2024-03-15,459,5,84.66,0,usou,0,antigo
627,628,2024-10-27,233,5,91.94,1,usou,0,antigo
628,629,2024-07-16,336,4,86.97,0,não usou,0,antigo
629,630,2024-04-22,421,6,107.04,0,usou,0,antigo
630,631,2024-11-25,204,8,70.23,0,usou,1,antigo
631,632,2025-04-02,76,3,102.22,0,usou,0,intermediário
632,633,2024-08-06,315,6,44.63,1,usou,0,antigo
633,634,2024-02-29,474,8,73.41,0,usou,0,antigo
634,635,2023-07-08,710,2,108.69,1,usou,0,antigo
635,636,2023-09-14,642,8,149.74,0,usou,0,antigo
636,637,2025-04-28,50,5,101.18,1,usou,1,intermediário
637,638,2024-01-05,529,5,115.72,0,usou,0,antigo
638,639,2023-11-02,593,1,99.35,0,usou,0,antigo
639,640,2024-09-09,281,5,79.63,0,não usou,0,antigo
640,641,2024-01-09,525,3,97.66,1,usou,0,antigo
641,642,2023-07-16,702,5,100.01,1,usou,1,antigo
642,643,2023-09-09,647,3,67.25,1,usou,1,antigo
643,644,2024-09-22,268,2,111.74,0,usou,0,antigo
644,645,2024-05-19,394,6,83.59,0,não usou,0,antigo
645,646,2024-03-11,463,3,54.88,1,usou,0,antigo
646,647,2025-01-02,166,4,89.3,0,usou,0,intermediário
647,648,2025-02-16,121,4,41.79,0,usou,0,intermediário
648,649,2024-02-15,488,8,52.46,0,não usou,0,antigo
649,650,2024-05-20,393,7,131.94,0,usou,0,antigo
650,651,2024-09-29,261,5,83.22,1,usou,0,antigo
651,652,2024-07-18,334,3,47.64,1,não usou,0,antigo
652,653,2023-09-14,642,5,67.13,1,usou,0,antigo
653,654,2024-04-11,432,6,92.48,1,usou,0,antigo
654,655,2025-05-15,33,10,51.03,0,usou,0,intermediário
655,656,2024-09-06,284,4,63.84,0,usou,0,antigo
656,657,2023-11-11,584,4,112.76,0,não usou,0,antigo
657,658,2023-12-31,534,6,63.56,1,usou,0,antigo
658,659,2023-07-21,697,1,98.29,0,usou,0,antigo
659,660,2024-12-18,181,9,17.61,0,usou,0,antigo
660,661,2024-05-20,393,6,105.74,1,usou,0,antigo
661,662,2023-06-18,730,4,96.61,1,usou,0,antigo
662,663,2024-07-24,328,2,34.7,1,usou,0,antigo
663,664,2025-03-04,105,2,73.38,0,usou,0,intermediário
664,665,2024-08-08,313,6,94.27,0,não usou,0,antigo
665,666,2024-12-01,198,6,27.59,0,não usou,0,antigo
666,667,2024-12-26,173,5,90.1,0,usou,0,intermediário
667,668,2025-01-13,155,4,107.45,0,usou,0,intermediário
668,669,2025-01-09,159,10,61.15,0,não usou,0,intermediário
669,670,2024-11-18,211,6,71.22,0,usou,0,antigo
670,671,2023-11-17,578,2,69.15,1,usou,0,antigo
671,672,2024-03-25,449,7,64.86,1,usou,1,antigo
672,673,2024-05-16,397,4,120.53,0,usou,1,antigo
673,674,2023-08-10,677,2,34.62,1,não usou,0,antigo
674,675,2024-11-13,216,3,112.76,0,usou,0,antigo
675,676,2024-02-28,475,3,35.71,0,usou,0,antigo
676,677,2024-10-13,247,4,34.05,1,usou,0,antigo
677,678,2024-02-15,488,4,114.51,0,usou,1,antigo
678,679,2024-11-13,216,4,107.78,1,usou,0,antigo
679,680,2025-04-05,73,2,77.27,0,usou,0,intermediário
680,681,2023-09-21,635,2,100.64,1,usou,0,antigo
681,682,2024-12-27,172,4,61.61,0,usou,0,intermediário
682,683,2025-05-16,32,3,139.98,0,usou,0,intermediário
683,684,2024-02-05,498,4,114.2,0,usou,0,antigo
684,685,2024-07-14,338,7,125.46,0,não usou,0,antigo
685,686,2024-02-12,491,3,91.45,0,usou,0,antigo
686,687,2024-11-15,214,9,67.67,1,usou,0,antigo
687,688,2024-04-29,414,4,110.65,1,usou,0,antigo
688,689,2024-02-25,478,2,65.49,0,usou,0,antigo
689,690,2024-04-24,419,3,105.25,0,usou,0,antigo
690,691,2024-12-09,190,4,93.25,1,usou,0,antigo
691,692,2024-02-01,502,1,67.47,0,não usou,0,antigo
692,693,2024-08-20,301,5,73.41,1,usou,0,antigo
693,694,2023-09-23,633,6,60.66,0,usou,0,antigo
694,695,2023-11-13,582,7,65.24,1,não usou,1,antigo
695,696,2024-05-08,405,2,119.84,0,usou,0,antigo
696,697,2024-11-14,215,6,80.94,1,usou,0,antigo
697,698,2024-04-06,437,3,100.7,0,usou,0,antigo
698,699,2024-11-24,205,3,137.01,0,usou,0,antigo
699,700,2025-01-18,150,4,110.69,1,usou,0,intermediário
700,701,2023-10-30,596,3,69.8,0,usou,0,antigo
701,702,2024-10-07,253,2,53.47,0,usou,0,antigo
702,703,2024-09-01,289,2,94.59,0,usou,1,antigo
703,704,2024-02-05,498,5,70.24,1,usou,1,antigo
704,705,2024-04-27,416,5,51.91,1,não usou,0,antigo
705,706,2024-08-15,306,7,44.48,1,não usou,0,antigo
706,707,2025-03-25,84,7,70.42,1,usou,0,intermediário
707,708,2023-06-17,731,7,96.29,1,usou,0,antigo
708,709,2024-02-08,495,5,87.48,1,não usou,0,antigo
709,710,2024-01-25,509,7,79.64,0,usou,0,antigo
710,711,2023-11-27,568,5,75.53,0,usou,0,antigo
711,712,2024-05-15,398,5,95.26,0,não usou,0,antigo
712,713,2025-02-16,121,8,68.0,1,usou,0,intermediário
713,714,2024-09-09,281,3,57.64,0,não usou,0,antigo
714,715,2024-09-30,260,8,25.9,0,usou,0,antigo
715,716,2024-11-06,223,7,88.02,0,não usou,0,antigo
716,717,2024-02-22,481,4,66.56,0,usou,0,antigo
717,718,2024-06-12,370,3,43.56,1,usou,0,antigo
718,719,2024-05-25,388,4,42.63,0,usou,0,antigo
719,720,2024-05-25,388,4,95.68,0,não usou,1,antigo
720,721,2024-11-22,207,4,30.31,1,não usou,1,antigo
721,722,2023-11-29,566,3,64.63,1,usou,0,antigo
722,723,2024-07-18,334,3,58.1,1,não usou,0,antigo
723,724,2024-06-18,364,3,139.23,0,usou,0,antigo
724,725,2025-02-22,115,6,93.72,1,usou,0,intermediário
725,726,2025-05-16,32,7,142.95,0,usou,0,intermediário
726,727,2025-02-24,113,7,115.32,0,usou,0,intermediário
727,728,2025-01-08,160,5,84.1,1,não usou,0,intermediário
728,729,2023-10-26,600,4,135.03,0,não usou,1,antigo
729,730,2024-11-09,220,3,97.95,1,usou,0,antigo
730,731,2023-08-21,666,3,100.18,0,usou,0,antigo
731,732,2024-01-23,511,6,133.12,1,usou,0,antigo
732,733,2024-07-21,331,2,53.29,1,usou,0,antigo
733,734,2024-11-13,216,3,98.83,1,usou,0,antigo
734,735,2024-10-20,240,3,75.24,0,não usou,0,antigo
735,736,2024-10-09,251,2,86.53,1,usou,0,antigo
736,737,2024-03-03,471,4,30.45,1,usou,1,antigo
737,738,2023-08-28,659,5,66.58,1,usou,0,antigo
738,739,2025-03-13,96,6,81.13,0,usou,0,intermediário
739,740,2025-01-20,148,2,112.75,0,não usou,0,intermediário
740,741,2023-12-16,549,7,30.43,0,usou,0,antigo
741,742,2024-11-20,209,4,48.8,1,não usou,0,antigo
742,743,2024-02-13,490,8,87.61,1,não usou,0,antigo
743,744,2023-12-08,557,4,53.08,1,usou,0,antigo
744,745,2025-03-04,105,4,71.24,0,usou,0,intermediário
745,746,2023-11-18,577,5,67.89,0,usou,0,antigo
746,747,2023-10-09,617,4,76.31,1,usou,0,antigo
747,748,2023-07-05,713,7,98.08,1,usou,0,antigo
748,749,2023-07-22,696,3,100.58,0,usou,0,antigo
749,750,2023-12-24,541,7,15.39,0,usou,0,antigo
750,751,2024-06-20,362,4,94.96,1,não usou,1,antigo
751,752,2024-10-03,257,1,102.61,1,não usou,0,antigo
752,753,2025-04-07,71,5,35.05,0,usou,0,intermediário
753,754,2025-02-02,135,7,114.3,1,usou,0,intermediário
754,755,2023-08-12,675,9,76.68,1,não usou,0,antigo
755,756,2024-06-04,378,4,71.26,1,usou,0,antigo
756,757,2024-05-03,410,3,104.61,1,usou,0,antigo
757,758,2025-05-05,43,4,104.52,0,não usou,0,intermediário
758,759,2024-10-18,242,11,149.63,0,não usou,0,antigo
759,760,2024-09-06,284,4,98.1,1,não usou,0,antigo
760,761,2023-11-15,580,9,126.46,0,usou,0,antigo
761,762,2024-12-25,174,3,89.61,1,não usou,1,intermediário
762,763,2024-12-08,191,4,91.95,0,não usou,0,antigo
763,764,2024-04-10,433,4,87.36,1,não usou,0,antigo
764,765,2024-07-04,348,4,95.3,0,usou,0,antigo
765,766,2024-04-22,421,4,58.21,1,não usou,0,antigo
766,767,2023-12-23,542,6,73.9,1,usou,0,antigo
767,768,2023-10-09,617,4,56.83,1,não usou,0,antigo
768,769,2024-11-07,222,2,80.85,0,usou,0,antigo
769,770,2024-12-02,197,3,80.65,0,usou,0,antigo
770,771,2023-06-21,727,6,56.81,0,não usou,1,antigo
771,772,2025-05-10,38,2,53.88,1,usou,0,intermediário
772,773,2025-01-20,148,1,35.53,0,não usou,1,intermediário
773,774,2025-04-15,63,9,68.72,0,não usou,0,intermediário
774,775,2025-02-04,133,4,127.74,0,usou,0,intermediário
775,776,2025-05-04,44,5,106.3,0,não usou,0,intermediário
776,777,2023-09-07,649,6,64.69,0,não usou,0,antigo
777,778,2025-02-10,127,1,68.69,0,usou,0,intermediário
778,779,2024-05-12,401,2,148.76,1,usou,0,antigo
779,780,2023-12-03,562,1,136.02,0,usou,0,antigo
780,781,2023-10-31,595,4,47.42,0,usou,0,antigo
781,782,2025-03-02,107,7,70.69,0,usou,0,intermediário
782,783,2024-12-08,191,7,103.75,0,não usou,0,antigo
783,784,2024-07-23,329,3,46.44,1,não usou,0,antigo
784,785,2024-06-11,371,7,80.82,0,usou,0,antigo
785,786,2023-07-26,692,5,48.31,1,usou,1,antigo
786,787,2024-08-22,299,4,82.2,1,usou,0,antigo
787,788,2023-12-27,538,3,109.06,0,usou,0,antigo
788,789,2025-04-05,73,2,48.81,1,usou,0,intermediário
789,790,2023-09-19,637,7,92.63,0,usou,0,antigo
790,791,2024-06-05,377,6,69.6,0,usou,1,antigo
791,792,2023-09-28,628,3,62.43,1,usou,0,antigo
792,793,2025-02-28,109,3,74.45,1,não usou,0,intermediário
793,794,2024-06-11,371,9,116.36,0,usou,0,antigo
794,795,2024-11-16,213,5,76.56,0,usou,0,antigo
795,796,2024-08-02,319,5,82.52,0,usou,0,antigo
796,797,2024-08-24,297,3,80.95,1,usou,0,antigo
797,798,2024-09-21,269,6,82.27,1,não usou,0,antigo
798,799,2024-02-18,485,7,98.73,0,usou,0,antigo
799,800,2025-01-23,145,3,37.24,1,usou,1,intermediário
800,801,2025-05-09,39,7,72.31,0,usou,1,intermediário
801,802,2024-05-25,388,4,39.89,0,usou,0,antigo
802,803,2024-10-04,256,7,83.5,0,usou,0,antigo
803,804,2025-03-11,98,2,41.43,0,usou,0,intermediário
804,805,2024-12-26,173,6,93.18,0,não usou,0,intermediário
805,806,2025-05-09,39,4,77.05,0,usou,0,intermediário
806,807,2024-07-13,339,6,55.57,0,usou,1,antigo
807,808,2024-05-13,400,4,125.03,0,usou,0,antigo
808,809,2025-03-23,86,6,103.52,0,não usou,0,intermediário
809,810,2024-08-15,306,3,53.06,0,não usou,1,antigo
810,811,2024-05-28,385,5,34.8,1,não usou,0,antigo
811,812,2025-05-13,35,2,49.87,1,usou,0,intermediário
812,813,2023-10-18,608,2,54.51,0,usou,0,antigo
813,814,2025-01-14,154,5,65.51,1,usou,0,intermediário
814,815,2025-04-16,62,4,87.13,0,não usou,0,intermediário
815,816,2024-06-19,363,7,50.12,1,usou,0,antigo
816,817,2024-05-31,382,9,41.94,1,não usou,1,antigo
817,818,2024-01-04,530,4,133.6,0,usou,0,antigo
818,819,2025-01-20,148,5,84.36,0,usou,0,intermediário
819,820,2023-12-26,539,2,58.89,0,usou,0,antigo
820,821,2025-03-30,79,4,80.59,1,usou,0,intermediário
821,822,2024-10-24,236,5,55.93,1,usou,0,antigo
822,823,2024-01-18,516,2,64.13,0,usou,0,antigo
823,824,2025-01-31,137,2,65.24,1,usou,0,intermediário
824,825,2025-02-10,127,6,58.54,1,não usou,1,intermediário
825,826,2024-07-25,327,10,77.1,1,usou,0,antigo
826,827,2024-06-27,355,5,144.29,1,não usou,0,antigo
827,828,2024-10-15,245,4,65.91,0,não usou,0,antigo
828,829,2023-12-19,546,4,122.93,1,não usou,0,antigo
829,830,2024-01-16,518,5,72.2,0,usou,0,antigo
830,831,2024-05-23,390,5,55.71,1,não usou,1,antigo
831,832,2023-08-16,671,11,85.63,0,não usou,0,antigo
832,833,2024-12-22,177,6,125.44,0,usou,0,intermediário
833,834,2024-01-24,510,1,92.32,0,usou,0,antigo
834,835,2023-12-16,549,4,68.09,1,usou,0,antigo
835,836,2024-01-14,520,5,78.76,1,não usou,0,antigo
836,837,2024-03-03,471,5,41.92,1,usou,1,antigo
837,838,2024-02-20,483,7,126.08,0,não usou,0,antigo
838,839,2025-05-10,38,4,119.45,1,não usou,0,intermediário
839,840,2024-08-09,312,6,118.54,0,usou,0,antigo
840,841,2023-08-18,669,7,27.34,0,usou,0,antigo
841,842,2023-10-02,624,1,59.15,0,usou,0,antigo
842,843,2023-10-12,614,5,115.73,0,usou,0,antigo
843,844,2023-12-13,552,2,75.59,0,usou,0,antigo
844,845,2024-04-09,434,3,86.3,0,não usou,0,antigo
845,846,2024-12-07,192,9,123.79,0,não usou,1,antigo
846,847,2023-10-13,613,4,84.42,1,usou,0,antigo
847,848,2024-12-16,183,9,59.59,0,não usou,0,antigo
848,849,2023-11-30,565,4,77.24,1,usou,0,antigo
849,850,2023-08-05,682,7,74.75,0,usou,0,antigo
850,851,2024-05-04,409,8,13.47,1,não usou,0,antigo
851,852,2024-04-28,415,8,44.95,0,não usou,1,antigo
852,853,2024-02-29,474,3,34.28,1,não usou,0,antigo
853,854,2024-08-11,310,2,101.43,0,não usou,0,antigo
854,855,2024-06-12,370,7,10.0,0,não usou,0,antigo
855,856,2024-05-04,409,3,130.19,0,usou,0,antigo
856,857,2023-08-04,683,4,66.01,0,usou,0,antigo
857,858,2023-11-24,571,5,77.35,0,não usou,0,antigo
858,859,2025-03-24,85,4,91.58,0,usou,0,intermediário
859,860,2024-05-08,405,2,44.7,0,usou,0,antigo
860,861,2024-04-14,429,1,93.3,0,usou,0,antigo
861,862,2025-02-03,134,6,83.04,0,não usou,0,intermediário
862,863,2024-09-12,278,10,56.46,0,usou,0,antigo
863,864,2024-12-08,191,4,101.33,1,não usou,0,antigo
864,865,2023-07-02,716,4,130.76,0,usou,0,antigo
865,866,2025-04-12,66,3,126.36,0,não usou,0,intermediário
866,867,2025-05-01,47,5,47.66,0,não usou,0,intermediário
867,868,2025-01-31,137,5,60.78,0,não usou,0,intermediário
868,869,2024-09-06,284,6,59.4,0,usou,0,antigo
869,870,2024-04-07,436,5,114.9,1,usou,0,antigo
870,871,2024-06-21,361,4,47.6,0,usou,0,antigo
871,872,2023-06-21,727,6,80.59,0,não usou,0,antigo
872,873,2024-03-16,458,7,68.97,1,usou,0,antigo
873,874,2024-02-03,500,6,101.08,0,usou,1,antigo
874,875,2025-01-22,146,3,86.9,1,usou,0,intermediário
875,876,2024-04-14,429,4,83.7,0,não usou,0,antigo
876,877,2025-04-09,69,6,58.46,0,usou,0,intermediário
877,878,2025-05-09,39,3,131.28,1,não usou,0,intermediário
878,879,2025-03-27,82,5,109.86,1,usou,0,intermediário
879,880,2024-05-07,406,5,62.65,0,não usou,0,antigo
880,881,2024-08-08,313,7,123.77,1,usou,1,antigo
881,882,2025-01-17,151,5,120.21,0,usou,0,intermediário
882,883,2025-01-07,161,4,89.31,0,não usou,0,intermediário
883,884,2024-08-14,307,5,46.18,1,não usou,0,antigo
884,885,2025-02-27,110,6,90.59,1,não usou,0,intermediário
885,886,2024-09-27,263,2,93.68,0,usou,0,antigo
886,887,2025-05-14,34,7,138.59,0,usou,0,intermediário
887,888,2023-12-05,560,2,100.61,0,não usou,0,antigo
888,889,2024-06-30,352,8,96.76,1,usou,0,antigo
889,890,2023-12-04,561,4,75.31,0,usou,0,antigo
890,891,2024-01-14,520,8,161.32,0,usou,0,antigo
891,892,2024-05-20,393,2,78.09,0,usou,0,antigo
892,893,2024-06-28,354,6,50.62,1,usou,0,antigo
893,894,2023-07-09,709,6,84.9,1,não usou,0,antigo
894,895,2024-04-14,429,4,120.27,1,usou,0,antigo
895,896,2024-03-04,470,3,21.98,1,usou,0,antigo
896,897,2024-11-17,212,6,30.44,0,não usou,0,antigo
897,898,2024-11-25,204,9,72.83,0,usou,0,antigo
898,899,2025-02-25,112,5,44.34,0,usou,0,intermediário
899,900,2024-04-26,417,5,139.66,0,usou,0,antigo
900,901,2024-12-30,169,3,62.98,1,usou,0,intermediário
901,902,2023-10-23,603,10,99.1,1,usou,1,antigo
902,903,2025-03-30,79,7,88.44,1,usou,0,intermediário
903,904,2024-06-14,368,7,124.69,0,usou,0,antigo
904,905,2023-09-24,632,4,129.18,0,usou,0,antigo
905,906,2024-10-12,248,7,112.36,0,usou,0,antigo
906,907,2024-08-04,317,2,100.97,0,não usou,0,antigo
907,908,2023-07-07,711,6,61.13,1,usou,1,antigo
908,909,2024-04-18,425,4,101.58,1,usou,0,antigo
909,910,2024-09-18,272,6,134.59,1,usou,0,antigo
910,911,2024-08-28,293,2,106.22,1,não usou,0,antigo
911,912,2024-11-12,217,9,82.35,0,usou,0,antigo
912,913,2023-07-08,710,2,79.73,1,usou,0,antigo
913,914,2023-08-21,666,7,51.58,0,usou,0,antigo
914,915,2024-10-28,232,4,66.3,0,usou,0,antigo
915,916,2024-05-14,399,4,90.17,0,não usou,0,antigo
916,917,2023-09-30,626,6,99.06,1,não usou,0,antigo
917,918,2025-04-20,58,7,76.47,0,usou,1,intermediário
918,919,2024-06-09,373,7,62.01,0,usou,0,antigo
919,920,2023-11-05,590,5,92.36,0,usou,0,antigo
920,921,2023-07-26,692,6,61.49,1,usou,0,antigo
921,922,2024-01-05,529,6,46.69,0,usou,0,antigo
922,923,2024-04-06,437,8,105.38,0,não usou,0,antigo
923,924,2024-02-26,477,7,69.74,0,usou,0,antigo
924,925,2023-11-28,567,5,104.49,0,usou,0,antigo
925,926,2024-06-04,378,1,48.24,0,usou,0,antigo
926,927,2024-02-25,478,9,53.1,0,usou,0,antigo
927,928,2024-03-05,469,4,10.0,0,não usou,0,antigo
928,929,2025-01-28,140,4,84.78,0,usou,0,intermediário
929,930,2025-04-30,48,10,59.13,0,usou,0,intermediário
930,931,2024-04-06,437,4,55.37,0,não usou,0,antigo
931,932,2024-01-19,515,4,96.13,0,usou,0,antigo
932,933,2025-01-21,147,3,108.44,1,usou,0,intermediário
933,934,2025-03-24,85,3,70.82,1,usou,1,intermediário
934,935,2024-05-09,404,10,104.81,1,usou,0,antigo
935,936,2023-12-29,536,0,34.64,0,não usou,0,antigo
936,937,2025-03-26,83,3,64.52,0,usou,1,intermediário
937,938,2023-08-19,668,7,143.74,1,não usou,0,antigo
938,939,2024-06-16,366,5,133.49,0,usou,0,antigo
939,940,2023-07-02,716,6,72.58,1,usou,0,antigo
940,941,2025-01-18,150,7,42.5,0,usou,0,intermediário
941,942,2024-08-08,313,2,91.15,0,usou,1,antigo
942,943,2023-07-27,691,6,137.87,0,usou,0,antigo
943,944,2024-03-14,460,8,81.4,0,não usou,0,antigo
944,945,2023-12-08,557,4,58.25,0,não usou,0,antigo
945,946,2024-11-02,227,7,53.13,1,usou,0,antigo
946,947,2023-08-09,678,4,115.68,1,usou,0,antigo
947,948,2025-02-12,125,8,100.02,1,não usou,0,intermediário
948,949,2024-11-04,225,4,109.83,0,usou,0,antigo
949,950,2023-07-18,700,4,87.64,1,não usou,0,antigo
950,951,2025-01-22,146,2,55.77,0,usou,0,intermediário
951,952,2023-07-11,707,4,68.25,0,não usou,0,antigo
952,953,2023-12-26,539,7,101.36,1,usou,0,antigo
953,954,2023-11-18,577,5,50.93,0,usou,0,antigo
954,955,2025-03-29,80,2,23.81,0,não usou,0,intermediário
955,956,2023-07-02,716,7,141.33,1,usou,0,antigo
956,957,2024-10-11,249,5,79.88,0,usou,0,antigo
957,958,2023-10-13,613,5,78.76,0,não usou,0,antigo
958,959,2023-12-19,546,7,72.98,0,usou,0,antigo
959,960,2023-09-23,633,4,74.12,0,usou,0,antigo
960,961,2024-06-18,364,3,110.43,0,não usou,1,antigo
961,962,2024-11-17,212,4,99.56,0,não usou,1,antigo
962,963,2023-09-13,643,7,118.97,1,não usou,0,antigo
963,964,2024-08-28,293,5,100.03,1,usou,0,antigo
964,965,2023-12-03,562,6,80.33,0,não usou,0,antigo
965,966,2024-06-12,370,1,35.56,0,usou,1,antigo
966,967,2024-12-11,188,5,99.25,1,usou,0,antigo
967,968,2024-01-02,532,7,136.52,0,usou,0,antigo
968,969,2025-02-01,136,7,126.17,1,usou,0,intermediário
969,970,2024-03-29,445,3,86.24,1,não usou,0,antigo
970,971,2023-10-25,601,7,116.25,0,usou,1,antigo
971,972,2024-09-29,261,4,27.34,0,usou,0,antigo
972,973,2024-09-30,260,5,39.79,1,não usou,0,antigo
973,974,2025-01-17,151,4,70.41,0,usou,0,intermediário
974,975,2024-12-25,174,5,101.63,1,não usou,0,intermediário
975,976,2023-09-13,643,5,89.59,1,usou,0,antigo
976,977,2025-02-10,127,1,49.52,0,usou,0,intermediário
977,978,2025-03-14,95,1,68.98,0,não usou,0,intermediário
978,979,2023-10-22,604,5,29.57,1,usou,0,antigo
979,980,2024-02-13,490,7,65.0,0,não usou,0,antigo
980,981,2023-09-08,648,6,49.98,0,não usou,0,antigo
981,982,2024-09-08,282,5,54.35,0,usou,0,antigo
982,983,2023-07-06,712,7,62.23,1,não usou,0,antigo
983,984,2024-02-14,489,4,89.81,0,usou,1,antigo
984,985,2024-09-06,284,7,73.77,0,usou,0,antigo
985,986,2024-11-24,205,6,119.64,0,não usou,0,antigo
986,987,2024-04-03,440,4,93.38,1,usou,0,antigo
987,988,2024-04-20,423,2,88.99,0,não usou,0,antigo
988,989,2024-12-23,176,1,59.33,1,usou,0,intermediário
989,990,2023-11-18,577,1,94.03,1,usou,0,antigo
990,991,2023-08-15,672,5,89.41,1,usou,0,antigo
991,992,2024-09-18,272,0,35.46,1,usou,0,antigo
992,993,2024-12-04,195,8,36.68,0,usou,0,antigo
993,994,2025-03-23,86,9,93.35,0,não usou,1,intermediário
994,995,2024-10-16,244,4,125.15,0,usou,0,antigo
995,996,2023-12-22,543,5,103.46,0,usou,0,antigo
996,997,2023-09-04,652,6,82.57,0,não usou,0,antigo
997,998,2024-12-09,190,3,28.53,0,não usou,0,antigo
998,999,2025-02-06,131,2,93.78,1,não usou,0,intermediário
999,1000,2024-02-06,497,8,71.16,0,não usou,0,antigo
